tipo_servicio_final,n_services,scope,share_services,is_ambiguous
entrega,14895,all,0.7967797154167112,0
recogida,3462,all,0.18519311008879855,0
desconocida,324,all,0.017331764202417888,1
mixto,13,all,0.0006954102920723226,1
entrega,14870,historical,0.7966355941283617,0
recogida,3459,historical,0.18531018964963034,0
desconocida,324,historical,0.017357762777242044,1
mixto,13,historical,0.0006964534447658845,1
